Data;Inizio;Fine;Paziente;Sesso;DOB;Nosologico;Proc;Descrizione;Ruolo;Sede
13/01/2026;09:18;11:15;RUGGIERO LORENZO;M;12/12/2015;;8385;8385 - Altri cambiamenti di lunghezza di muscoli e tendin…;1;Policlinico
13/01/2026;;;;;;;8385;8385 - Altri cambiamenti di lunghezza di muscoli e tendin…;1;Policlinico
13/01/2026;;;;;;;7825;7825 - Accorciamento del femore;1;Policlinico
13/01/2026;;;;;;;7827;7827 - Accorciamento di tibia e fibula;1;Policlinico
13/01/2026;;;;;;;9953;9953 - Vaccinazione profilattica contro encefaliti virali…;1;Policlinico
13/01/2026;12:24;12:58;CAPPUCCI SIMONE;M;17/01/2013;;7825;7825 - Accorciamento del femore;1;Policlinico
13/01/2026;13:43;13:52;DONDI GINEVRA;F;16/05/2010;;8118;8118 - Artroeresi dell’articolazione sottoastragalica;1;Policlinico
20/01/2026;09:15;10:05;CUTOLO GIADA;F;09/09/2009;;7865;7865 - Rimozione di dispositivo impiantato dal femore;1;Policlinico
20/01/2026;;;;;;;7865;7865 - Rimozione di dispositivo impiantato dal femore;1;Policlinico
20/01/2026;;;DE MARCO FRANCESCA;F;30/05/2016;;7735;7735 - Altra sezione del femore;2;Policlinico
22/01/2026;08:40;08:58;SAVARESE SIMONE;M;03/03/2012;;8118;8118 - Artroeresi dell’articolazione sottoastragalica;2;Madonnina
27/01/2026;09:18;09:33;MUSTAFA KARYM ADRY;M;12/05/2010;;8118;8118 - Artroeresi dell’articolazione sottoastragalica;1;Policlinico
27/01/2026;10:50;11:04;MUSCAS FRANCESCO PIETRO;M;03/05/2011;;8118;8118 - Artroeresi dell’articolazione sottoastragalica;1;Policlinico
03/02/2026;09:05;09:30;BARBIERI MATTEO;M;05/12/2010;;8118;8118 - Artroeresi dell’articolazione sottoastragalica;1;Policlinico
03/02/2026;12:00;14:15;VASILE ASYA;F;14/09/2018;;7825;7825 - Accorciamento del femore;1;Policlinico
03/02/2026;;;;;;;7825;7825 - Accorciamento del femore;1;Policlinico
03/02/2026;;;;;;;7827;7827 - Accorciamento di tibia e fibula;1;Policlinico
03/02/2026;;;;;;;7827;7827 - Accorciamento di tibia e fibula;1;Policlinico
10/02/2026;09:15;09:54;POCHIERO ALESSIO;M;16/07/2011;;7825;7825 - Accorciamento del femore;1;Policlinico
10/02/2026;;;;;;;8118;8118 - Artroeresi dell’articolazione sottoastragalica;1;Policlinico
10/02/2026;11:50;12:06;IELPO SIMONE FELICE;M;25/05/2011;;7867;7867 - Rimozione di dispositivo impiantato da tibia e fib…;2;Policlinico
17/02/2026;09:35;11:25;GARZETTI GAIA;F;13/02/2009;;8375;8375 - Trasposizione o trapianto di tendini;2;Policlinico
24/02/2026;08:42;09:10;ROMANO TEMINA;F;09/03/2019;;8385;8385 - Altri cambiamenti di lunghezza di muscoli e tendin…;1;Policlinico
24/02/2026;10:24;10:39;COSTANTINI ASIA;F;21/12/2006;;9929;9929 - Iniezione o infusione di altre sostanze terapeutic…;1;Policlinico
24/02/2026;;;;;;;9929;9929 - Iniezione o infusione di altre sostanze terapeutic…;1;Policlinico
24/02/2026;11:40;11:55;PINI CORRADO;M;01/04/2010;;8118;8118 - Artroeresi dell’articolazione sottoastragalica;1;Policlinico
